INSERT INTO admin_account (admin_email, admin_password) VALUES
('admin1@bsu.edu.ph','AdminPass001'),
('admin2@bsu.edu.ph','AdminPass002'),
('admin3@bsu.edu.ph','AdminPass003'),
('admin4@bsu.edu.ph','AdminPass004'),
('admin5@bsu.edu.ph','AdminPass005'),
('admin6@bsu.edu.ph','AdminPass006'),
('admin7@bsu.edu.ph','AdminPass007'),
('admin8@bsu.edu.ph','AdminPass008'),
('admin9@bsu.edu.ph','AdminPass009'),
('admin10@bsu.edu.ph','AdminPass010'),
('admin11@bsu.edu.ph','AdminPass011'),
('admin12@bsu.edu.ph','AdminPass012'),
('admin13@bsu.edu.ph','AdminPass013'),
('admin14@bsu.edu.ph','AdminPass014'),
('admin15@bsu.edu.ph','AdminPass015'),
('admin16@bsu.edu.ph','AdminPass016'),
('admin17@bsu.edu.ph','AdminPass017'),
('admin18@bsu.edu.ph','AdminPass018'),
('admin19@bsu.edu.ph','AdminPass019'),
('admin20@bsu.edu.ph','AdminPass020');

INSERT INTO students_account (student_name, g_suite, sr_code, program) VALUES
('Alysson Gabriel C. Matanguihan','24-33110@g.batstate-u.edu.ph','24-33110','BSIT'),
('Angelo Kerbie M. Miranda','24-39919@g.batstate-u.edu.ph','24-39919','BSIT'),
('John Michael B. Mendoza','24-37477@g.batstate-u.edu.ph','24-37477','BSIT'),
('Karen Celine M. Mendoza','24-31534@g.batstate-u.edu.ph','24-31534','BSIT'),
('Kyle Jillian Mojica','24-30541@g.batstate-u.edu.ph','24-30541','BSIT'),
('Maru Janmark F. Almarez','24-35142@g.batstate-u.edu.ph','24-35142','BSIT'),
('Toni Cezhar L. Vergara','24-36747@g.batstate-u.edu.ph','24-36747','BSIT'),
('Gilian F. Lajara','24-35688@g.batstate-u.edu.ph','24-35688','BSIT'),
('Louise Andrei D. Quizon','24-30077@g.batstate-u.edu.ph','24-30077','BSIT'),
('Enrique A. Dimaculangan','24-33429@g.batstate-u.edu.ph','24-33429','BSIT'),
('Aeron Jean D. Libuit','24-37031@g.batstate-u.edu.ph','24-37031','BSIT'),
('Cylas Joaquin B. Talatala','24-32453@g.batstate-u.edu.ph','24-32453','BSIT'),
('James Dee P. Dimaano','24-37104@g.batstate-u.edu.ph','24-37104','BSIT'),
('Ashly Yuri J. Saludo','24-33523@g.batstate-u.edu.ph','24-33523','BSIT'),
('Mark Joseph G. Manalo','24-37149@g.batstate-u.edu.ph','24-37149','BSIT'),
('Tristan Jes C. Munlawin','24-39091@g.batstate-u.edu.ph','24-39091','BSIT'),
('Medwin Adam S. Villapando','24-39885@g.batstate-u.edu.ph','24-39885','BSIT'),
('Ben Jairo A. Maralit','24-39926@g.batstate-u.edu.ph','24-39926','BSIT'),
('Gwenn Ellese Z. Fonte','24-31341@g.batstate-u.edu.ph','24-31341','BSIT'),
('Ann Tracy S. Antonio','24-31492@g.batstate-u.edu.ph','24-31492','BSIT');

INSERT INTO books (book_number, book_title, book_author, year_published) VALUES
('BK-0001','Introduction to Programming','John Smith',2018),
('BK-0002','Database Management Systems','Carlos Hernandez',2019),
('BK-0003','Web Development Fundamentals','Emily Brown',2020),
('BK-0004','Data Structures and Algorithms','Robert Martin',2017),
('BK-0005','Operating Systems Concepts','Abraham Silberschatz',2016),
('BK-0006','Computer Networks','Andrew Tanenbaum',2015),
('BK-0007','Software Engineering','Ian Sommerville',2018),
('BK-0008','Artificial Intelligence Basics','Stuart Russell',2021),
('BK-0009','Machine Learning Essentials','Tom Mitchell',2020),
('BK-0010','Cybersecurity Principles','William Stallings',2019),
('BK-0011','Mobile App Development','James Clark',2021),
('BK-0012','Cloud Computing','Rajkumar Buyya',2020),
('BK-0013','Human Computer Interaction','Alan Dix',2017),
('BK-0014','Computer Graphics','Donald Hearn',2016),
('BK-0015','Python Programming','Mark Lutz',2019),
('BK-0016','Java Programming','Herbert Schildt',2018),
('BK-0017','C++ Programming','Bjarne Stroustrup',2017),
('BK-0018','Linux System Administration','Brian Ward',2021),
('BK-0019','Data Analytics','Wes McKinney',2020),
('BK-0020','IT Project Management','Kathy Schwalbe',2018);

INSERT INTO borrowed_book (student_id, book_id, date_borrowed, due_date, date_returned) VALUES
(1,1,'2024-09-01','2024-09-15',NULL),
(2,2,'2024-09-02','2024-09-16','2024-09-14'),
(3,3,'2024-09-03','2024-09-17',NULL),
(4,4,'2024-09-04','2024-09-18','2024-09-20'),
(5,5,'2024-09-05','2024-09-19',NULL),
(6,6,'2024-09-06','2024-09-20','2024-09-19'),
(7,7,'2024-09-07','2024-09-21',NULL),
(8,8,'2024-09-08','2024-09-22','2024-09-22'),
(9,9,'2024-09-09','2024-09-23',NULL),
(10,10,'2024-09-10','2024-09-24','2024-09-25'),
(11,11,'2024-09-11','2024-09-25',NULL),
(12,12,'2024-09-12','2024-09-26','2024-09-26'),
(13,13,'2024-09-13','2024-09-27',NULL),
(14,14,'2024-09-14','2024-09-28','2024-09-29'),
(15,15,'2024-09-15','2024-09-29',NULL),
(16,16,'2024-09-16','2024-09-30','2024-09-30'),
(17,17,'2024-09-17','2024-10-01',NULL),
(18,18,'2024-09-18','2024-10-02','2024-10-03'),
(19,19,'2024-09-19','2024-10-03',NULL),
(20,20,'2024-09-20','2024-10-04','2024-10-04');

INSERT INTO login_logs (student_id, date_login, time_login) VALUES
(1, '2024-09-01', '08:15:00'),
(2, '2024-09-01', '08:32:00'),
(3, '2024-09-01', '09:01:00'),
(4, '2024-09-01', '09:20:00'),
(5, '2024-09-02', '08:10:00'),
(6, '2024-09-02', '08:45:00'),
(7, '2024-09-02', '09:05:00'),
(8, '2024-09-02', '09:30:00'),
(9, '2024-09-03', '08:00:00'),
(10,'2024-09-03', '08:25:00'),
(11,'2024-09-03', '08:50:00'),
(12,'2024-09-03', '09:15:00'),
(13,'2024-09-04', '08:05:00'),
(14,'2024-09-04', '08:40:00'),
(15,'2024-09-04', '09:10:00'),
(16,'2024-09-04', '09:35:00'),
(17,'2024-09-05', '08:20:00'),
(18,'2024-09-05', '08:55:00'),
(19,'2024-09-05', '09:25:00'),
(20,'2024-09-05', '09:50:00');

INSERT INTO notifications (student_id, book_id, borrow_id, message, notification_type, is_read) VALUES
(1,1,1,'Book due soon','REMINDER',0),
(2,2,2,'Book returned successfully','INFO',1),
(3,3,3,'Overdue book','WARNING',0),
(4,4,4,'Late return recorded','WARNING',1),
(5,5,5,'Book due soon','REMINDER',0),
(6,6,6,'Return confirmed','INFO',1),
(7,7,7,'Book overdue','WARNING',0),
(8,8,8,'Thank you for returning','INFO',1),
(9,9,9,'Book due soon','REMINDER',0),
(10,10,10,'Late return notice','WARNING',1),
(11,11,11,'Book due soon','REMINDER',0),
(12,12,12,'Return confirmed','INFO',1),
(13,13,13,'Overdue notice','WARNING',0),
(14,14,14,'Late return','WARNING',1),
(15,15,15,'Book due soon','REMINDER',0),
(16,16,16,'Return confirmed','INFO',1),
(17,17,17,'Overdue book','WARNING',0),
(18,18,18,'Late return','WARNING',1),
(19,19,19,'Book due soon','REMINDER',0),
(20,20,20,'Return confirmed','INFO',1);

INSERT INTO returned_book (student_id, book_id, sr_code, student_name, book_title, date_borrowed, due_date, date_returned, days_late) VALUES
(2,2,'24-39919','Angelo Kerbie M. Miranda','Database Management Systems','2024-09-02','2024-09-16','2024-09-14',0),
(4,4,'24-31534','Karen Celine M. Mendoza','Data Structures and Algorithms','2024-09-04','2024-09-18','2024-09-20',2),
(6,6,'24-35142','Maru Janmark F. Almarez','Computer Networks','2024-09-06','2024-09-20','2024-09-19',0),
(8,8,'24-35688','Gilian F. Lajara','Artificial Intelligence Basics','2024-09-08','2024-09-22','2024-09-22',0),
(10,10,'24-33429','Enrique A. Dimaculangan','Cybersecurity Principles','2024-09-10','2024-09-24','2024-09-25',1),
(12,12,'24-32453','Cylas Joaquin B. Talatala','Cloud Computing','2024-09-12','2024-09-26','2024-09-26',0),
(14,14,'24-33523','Ashly Yuri J. Saludo','Computer Graphics','2024-09-14','2024-09-28','2024-09-29',1),
(16,16,'24-39091','Tristan Jes C. Munlawin','Java Programming','2024-09-16','2024-09-30','2024-09-30',0),
(18,18,'24-39926','Ben Jairo A. Maralit','Linux System Administration','2024-09-18','2024-10-02','2024-10-03',1),
(20,20,'24-31492','Ann Tracy S. Antonio','IT Project Management','2024-09-20','2024-10-04','2024-10-04',0);
