INSERT INTO admin_account (admin_email, admin_password) VALUES
('admin1@bsu.edu.ph','AdminPass001'),
('admin2@bsu.edu.ph','AdminPass002'),
('admin3@bsu.edu.ph','AdminPass003'),
('admin4@bsu.edu.ph','AdminPass004'),
('admin5@bsu.edu.ph','AdminPass005'),
('admin6@bsu.edu.ph','AdminPass006'),
('admin7@bsu.edu.ph','AdminPass007'),
('admin8@bsu.edu.ph','AdminPass008'),
('admin9@bsu.edu.ph','AdminPass009'),
('admin10@bsu.edu.ph','AdminPass010'),
('admin11@bsu.edu.ph','AdminPass011'),
('admin12@bsu.edu.ph','AdminPass012'),
('admin13@bsu.edu.ph','AdminPass013'),
('admin14@bsu.edu.ph','AdminPass014'),
('admin15@bsu.edu.ph','AdminPass015'),
('admin16@bsu.edu.ph','AdminPass016'),
('admin17@bsu.edu.ph','AdminPass017'),
('admin18@bsu.edu.ph','AdminPass018'),
('admin19@bsu.edu.ph','AdminPass019'),
('admin20@bsu.edu.ph','AdminPass020');

INSERT INTO students_account (student_name, g_suite, sr_code, program) VALUES
('Juan Dela Cruz','juan.delacruz@gsuite.bsu.edu.ph','SR-2024-0001','BS Information Technology'),
('Maria Santos','maria.santos@gsuite.bsu.edu.ph','SR-2024-0002','BS Computer Science'),
('Jose Reyes','jose.reyes@gsuite.bsu.edu.ph','SR-2024-0003','BS Information Systems'),
('Ana Lopez','ana.lopez@gsuite.bsu.edu.ph','SR-2024-0004','BS Information Technology'),
('Mark Villanueva','mark.villanueva@gsuite.bsu.edu.ph','SR-2024-0005','BS Computer Science'),
('Paolo Garcia','paolo.garcia@gsuite.bsu.edu.ph','SR-2024-0006','BS Information Systems'),
('Angela Cruz','angela.cruz@gsuite.bsu.edu.ph','SR-2024-0007','BS Information Technology'),
('Daniel Flores','daniel.flores@gsuite.bsu.edu.ph','SR-2024-0008','BS Computer Science'),
('Sophia Mendoza','sophia.mendoza@gsuite.bsu.edu.ph','SR-2024-0009','BS Information Systems'),
('Christian Ramos','christian.ramos@gsuite.bsu.edu.ph','SR-2024-0010','BS Information Technology'),
('Kevin Navarro','kevin.navarro@gsuite.bsu.edu.ph','SR-2024-0011','BS Computer Science'),
('Jasmine Bautista','jasmine.bautista@gsuite.bsu.edu.ph','SR-2024-0012','BS Information Systems'),
('Ryan Castillo','ryan.castillo@gsuite.bsu.edu.ph','SR-2024-0013','BS Information Technology'),
('Nicole Torres','nicole.torres@gsuite.bsu.edu.ph','SR-2024-0014','BS Computer Science'),
('Albert Lim','albert.lim@gsuite.bsu.edu.ph','SR-2024-0015','BS Information Systems'),
('Patricia Ong','patricia.ong@gsuite.bsu.edu.ph','SR-2024-0016','BS Information Technology'),
('Miguel Aquino','miguel.aquino@gsuite.bsu.edu.ph','SR-2024-0017','BS Computer Science'),
('Beatrice Tan','beatrice.tan@gsuite.bsu.edu.ph','SR-2024-0018','BS Information Systems'),
('Joshua Perez','joshua.perez@gsuite.bsu.edu.ph','SR-2024-0019','BS Information Technology'),
('Camille Chua','camille.chua@gsuite.bsu.edu.ph','SR-2024-0020','BS Computer Science');

INSERT INTO books (book_number, book_title, book_author, year_published) VALUES
('BK-0001','Introduction to Programming','John Smith',2018),
('BK-0002','Database Management Systems','Carlos Hernandez',2019),
('BK-0003','Web Development Fundamentals','Emily Brown',2020),
('BK-0004','Data Structures and Algorithms','Robert Martin',2017),
('BK-0005','Operating Systems Concepts','Abraham Silberschatz',2016),
('BK-0006','Computer Networks','Andrew Tanenbaum',2015),
('BK-0007','Software Engineering','Ian Sommerville',2018),
('BK-0008','Artificial Intelligence Basics','Stuart Russell',2021),
('BK-0009','Machine Learning Essentials','Tom Mitchell',2020),
('BK-0010','Cybersecurity Principles','William Stallings',2019),
('BK-0011','Mobile App Development','James Clark',2021),
('BK-0012','Cloud Computing','Rajkumar Buyya',2020),
('BK-0013','Human Computer Interaction','Alan Dix',2017),
('BK-0014','Computer Graphics','Donald Hearn',2016),
('BK-0015','Python Programming','Mark Lutz',2019),
('BK-0016','Java Programming','Herbert Schildt',2018),
('BK-0017','C++ Programming','Bjarne Stroustrup',2017),
('BK-0018','Linux System Administration','Brian Ward',2021),
('BK-0019','Data Analytics','Wes McKinney',2020),
('BK-0020','IT Project Management','Kathy Schwalbe',2018);INSERT INTO borrowed_book (student_id, book_id, date_borrowed, due_date, date_returned) VALUES
(1,1,'2024-09-01','2024-09-15',NULL),
(2,2,'2024-09-02','2024-09-16','2024-09-14'),
(3,3,'2024-09-03','2024-09-17',NULL),
(4,4,'2024-09-04','2024-09-18','2024-09-20'),
(5,5,'2024-09-05','2024-09-19',NULL),
(6,6,'2024-09-06','2024-09-20','2024-09-19'),
(7,7,'2024-09-07','2024-09-21',NULL),
(8,8,'2024-09-08','2024-09-22','2024-09-22'),
(9,9,'2024-09-09','2024-09-23',NULL),
(10,10,'2024-09-10','2024-09-24','2024-09-25'),
(11,11,'2024-09-11','2024-09-25',NULL),
(12,12,'2024-09-12','2024-09-26','2024-09-26'),
(13,13,'2024-09-13','2024-09-27',NULL),
(14,14,'2024-09-14','2024-09-28','2024-09-29'),
(15,15,'2024-09-15','2024-09-29',NULL),
(16,16,'2024-09-16','2024-09-30','2024-09-30'),
(17,17,'2024-09-17','2024-10-01',NULL),
(18,18,'2024-09-18','2024-10-02','2024-10-03'),
(19,19,'2024-09-19','2024-10-03',NULL),
(20,20,'2024-09-20','2024-10-04','2024-10-04');

INSERT INTO borrowed_book (student_id, book_id, date_borrowed, due_date, date_returned) VALUES
(1,1,'2024-09-01','2024-09-15',NULL),
(2,2,'2024-09-02','2024-09-16','2024-09-14'),
(3,3,'2024-09-03','2024-09-17',NULL),
(4,4,'2024-09-04','2024-09-18','2024-09-20'),
(5,5,'2024-09-05','2024-09-19',NULL),
(6,6,'2024-09-06','2024-09-20','2024-09-19'),
(7,7,'2024-09-07','2024-09-21',NULL),
(8,8,'2024-09-08','2024-09-22','2024-09-22'),
(9,9,'2024-09-09','2024-09-23',NULL),

INSERT INTO login_logs (student_id, date_login, time_login) VALUES
(1, '2024-09-01', '08:15:00'),
(2, '2024-09-01', '08:32:00'),
(3, '2024-09-01', '09:01:00'),
(4, '2024-09-01', '09:20:00'),
(5, '2024-09-02', '08:10:00'),
(6, '2024-09-02', '08:45:00'),
(7, '2024-09-02', '09:05:00'),
(8, '2024-09-02', '09:30:00'),
(9, '2024-09-03', '08:00:00'),
(10,'2024-09-03', '08:25:00'),
(11,'2024-09-03', '08:50:00'),
(12,'2024-09-03', '09:15:00'),
(13,'2024-09-04', '08:05:00'),
(14,'2024-09-04', '08:40:00'),
(15,'2024-09-04', '09:10:00'),
(16,'2024-09-04', '09:35:00'),
(17,'2024-09-05', '08:20:00'),
(18,'2024-09-05', '08:55:00'),
(19,'2024-09-05', '09:25:00'),
(20,'2024-09-05', '09:50:00');

INSERT INTO borrowed_book (student_id, book_id, date_borrowed, due_date, date_returned) VALUES
(1,1,'2024-09-01','2024-09-15',NULL),
(2,2,'2024-09-02','2024-09-16','2024-09-14'),
(3,3,'2024-09-03','2024-09-17',NULL),
(4,4,'2024-09-04','2024-09-18','2024-09-20'),
(5,5,'2024-09-05','2024-09-19',NULL),
(6,6,'2024-09-06','2024-09-20','2024-09-19'),
(7,7,'2024-09-07','2024-09-21',NULL),
(8,8,'2024-09-08','2024-09-22','2024-09-22'),
(9,9,'2024-09-09','2024-09-23',NULL),
(10,10,'2024-09-10','2024-09-24','2024-09-25'),
(11,11,'2024-09-11','2024-09-25',NULL),
(12,12,'2024-09-12','2024-09-26','2024-09-26'),
(13,13,'2024-09-13','2024-09-27',NULL),
(14,14,'2024-09-14','2024-09-28','2024-09-29'),
(15,15,'2024-09-15','2024-09-29',NULL),
(16,16,'2024-09-16','2024-09-30','2024-09-30'),
(17,17,'2024-09-17','2024-10-01',NULL),
(18,18,'2024-09-18','2024-10-02','2024-10-03'),
(19,19,'2024-09-19','2024-10-03',NULL),
(20,20,'2024-09-20','2024-10-04','2024-10-04');

INSERT INTO notifications (student_id, book_id, borrow_id, message, notification_type, is_read) VALUES
(1,1,1,'Book due soon','REMINDER',0),
(2,2,2,'Book returned successfully','INFO',1),
(3,3,3,'Overdue book','WARNING',0),
(4,4,4,'Late return recorded','WARNING',1),
(5,5,5,'Book due soon','REMINDER',0),
(6,6,6,'Return confirmed','INFO',1),
(7,7,7,'Book overdue','WARNING',0),
(8,8,8,'Thank you for returning','INFO',1),
(9,9,9,'Book due soon','REMINDER',0),
(10,10,10,'Late return notice','WARNING',1),
(11,11,11,'Book due soon','REMINDER',0),
(12,12,12,'Return confirmed','INFO',1),
(13,13,13,'Overdue notice','WARNING',0),
(14,14,14,'Late return','WARNING',1),
(15,15,15,'Book due soon','REMINDER',0),
(16,16,16,'Return confirmed','INFO',1),
(17,17,17,'Overdue book','WARNING',0),
(18,18,18,'Late return','WARNING',1),
(19,19,19,'Book due soon','REMINDER',0),
(20,20,20,'Return confirmed','INFO',1);

INSERT INTO returned_book (student_id, book_id, sr_code, student_name, book_title, date_borrowed, due_date, date_returned, days_late) VALUES
(2,2,'SR-2024-0002','Maria Santos','Database Management Systems','2024-09-02','2024-09-16','2024-09-14',0),
(4,4,'SR-2024-0004','Ana Lopez','Data Structures and Algorithms','2024-09-04','2024-09-18','2024-09-20',2),
(6,6,'SR-2024-0006','Paolo Garcia','Computer Networks','2024-09-06','2024-09-20','2024-09-19',0),
(8,8,'SR-2024-0008','Daniel Flores','Artificial Intelligence Basics','2024-09-08','2024-09-22','2024-09-22',0),
(10,10,'SR-2024-0010','Christian Ramos','Cybersecurity Principles','2024-09-10','2024-09-24','2024-09-25',1),
(12,12,'SR-2024-0012','Jasmine Bautista','Cloud Computing','2024-09-12','2024-09-26','2024-09-26',0),
(14,14,'SR-2024-0014','Nicole Torres','Computer Graphics','2024-09-14','2024-09-28','2024-09-29',1),
(16,16,'SR-2024-0016','Patricia Ong','Java Programming','2024-09-16','2024-09-30','2024-09-30',0),
(18,18,'SR-2024-0018','Beatrice Tan','Linux System Administration','2024-09-18','2024-10-02','2024-10-03',1),
(20,20,'SR-2024-0020','Camille Chua','IT Project Management','2024-09-20','2024-10-04','2024-10-04',0);
